{
  "hash": "c748ef0a",
  "configHash": "7b2cb8b2",
  "lockfileHash": "00fddd98",
  "browserHash": "2350cd9c",
  "optimized": {
    "@angular/core": {
      "src": "../../../../../../node_modules/@angular/core/fesm2022/core.mjs",
      "file": "@angular_core.js",
      "fileHash": "00eb9921",
      "needsInterop": false
    },
    "@angular/platform-browser": {
      "src": "../../../../../../node_modules/@angular/platform-browser/fesm2022/platform-browser.mjs",
      "file": "@angular_platform-browser.js",
      "fileHash": "b3077f79",
      "needsInterop": false
    },
    "@angular/router": {
      "src": "../../../../../../node_modules/@angular/router/fesm2022/router.mjs",
      "file": "@angular_router.js",
      "fileHash": "5715e780",
      "needsInterop": false
    },
    "@angular/common": {
      "src": "../../../../../../node_modules/@angular/common/fesm2022/common.mjs",
      "file": "@angular_common.js",
      "fileHash": "6ebce9c8",
      "needsInterop": false
    }
  },
  "chunks": {
    "chunk-LAWKAMMG": {
      "file": "chunk-LAWKAMMG.js"
    },
    "chunk-5JRBXVLQ": {
      "file": "chunk-5JRBXVLQ.js"
    },
    "chunk-YXYHJZHY": {
      "file": "chunk-YXYHJZHY.js"
    }
  }
}