{
  "hash": "ca694b15",
  "configHash": "da3bae7c",
  "lockfileHash": "eaa6586e",
  "browserHash": "c14d12eb",
  "optimized": {
    "@angular/core": {
      "src": "../../../../../../node_modules/@angular/core/fesm2022/core.mjs",
      "file": "@angular_core.js",
      "fileHash": "cfc05390",
      "needsInterop": false
    },
    "@angular/platform-browser": {
      "src": "../../../../../../node_modules/@angular/platform-browser/fesm2022/platform-browser.mjs",
      "file": "@angular_platform-browser.js",
      "fileHash": "c05d67ae",
      "needsInterop": false
    },
    "@angular/router": {
      "src": "../../../../../../node_modules/@angular/router/fesm2022/router.mjs",
      "file": "@angular_router.js",
      "fileHash": "5bfc8595",
      "needsInterop": false
    },
    "@angular/forms": {
      "src": "../../../../../../node_modules/@angular/forms/fesm2022/forms.mjs",
      "file": "@angular_forms.js",
      "fileHash": "ddff723b",
      "needsInterop": false
    },
    "@angular/common": {
      "src": "../../../../../../node_modules/@angular/common/fesm2022/common.mjs",
      "file": "@angular_common.js",
      "fileHash": "8b98f88c",
      "needsInterop": false
    }
  },
  "chunks": {
    "chunk-2F2V4FYT": {
      "file": "chunk-2F2V4FYT.js"
    },
    "chunk-VHP4WJBF": {
      "file": "chunk-VHP4WJBF.js"
    },
    "chunk-BQ3N6O6A": {
      "file": "chunk-BQ3N6O6A.js"
    }
  }
}