{
  "hash": "ef9c824e",
  "configHash": "ce4e10a2",
  "lockfileHash": "73eec25e",
  "browserHash": "bdf7b6e5",
  "optimized": {
    "@angular/common/http": {
      "src": "../../../../../../node_modules/@angular/common/fesm2022/http.mjs",
      "file": "@angular_common_http.js",
      "fileHash": "c0a757f4",
      "needsInterop": false
    },
    "@angular/core": {
      "src": "../../../../../../node_modules/@angular/core/fesm2022/core.mjs",
      "file": "@angular_core.js",
      "fileHash": "ee06da16",
      "needsInterop": false
    },
    "@angular/platform-browser": {
      "src": "../../../../../../node_modules/@angular/platform-browser/fesm2022/platform-browser.mjs",
      "file": "@angular_platform-browser.js",
      "fileHash": "fb34e7f2",
      "needsInterop": false
    },
    "@angular/router": {
      "src": "../../../../../../node_modules/@angular/router/fesm2022/router.mjs",
      "file": "@angular_router.js",
      "fileHash": "3bcdb067",
      "needsInterop": false
    },
    "@angular/common": {
      "src": "../../../../../../node_modules/@angular/common/fesm2022/common.mjs",
      "file": "@angular_common.js",
      "fileHash": "35f24f97",
      "needsInterop": false
    }
  },
  "chunks": {
    "chunk-YOAL5V7S": {
      "file": "chunk-YOAL5V7S.js"
    },
    "chunk-QIWFNAS6": {
      "file": "chunk-QIWFNAS6.js"
    },
    "chunk-77XL5Y22": {
      "file": "chunk-77XL5Y22.js"
    },
    "chunk-OHHFGWVO": {
      "file": "chunk-OHHFGWVO.js"
    },
    "chunk-YXYHJZHY": {
      "file": "chunk-YXYHJZHY.js"
    }
  }
}