{
  "hash": "9dd1c570",
  "configHash": "1731226f",
  "lockfileHash": "4da70538",
  "browserHash": "4330047e",
  "optimized": {
    "@angular/core": {
      "src": "../../../../../../node_modules/@angular/core/fesm2022/core.mjs",
      "file": "@angular_core.js",
      "fileHash": "9e9ecf68",
      "needsInterop": false
    },
    "@angular/platform-browser": {
      "src": "../../../../../../node_modules/@angular/platform-browser/fesm2022/platform-browser.mjs",
      "file": "@angular_platform-browser.js",
      "fileHash": "10f54590",
      "needsInterop": false
    },
    "@angular/router": {
      "src": "../../../../../../node_modules/@angular/router/fesm2022/router.mjs",
      "file": "@angular_router.js",
      "fileHash": "738755f9",
      "needsInterop": false
    }
  },
  "chunks": {
    "chunk-HGZNKT7L": {
      "file": "chunk-HGZNKT7L.js"
    },
    "chunk-ZFZA6RUP": {
      "file": "chunk-ZFZA6RUP.js"
    }
  }
}