{
  "hash": "2ce885fb",
  "configHash": "74b03ce7",
  "lockfileHash": "c3b533dc",
  "browserHash": "5b3811f9",
  "optimized": {
    "@angular/core": {
      "src": "../../../../../../node_modules/@angular/core/fesm2022/core.mjs",
      "file": "@angular_core.js",
      "fileHash": "0fffce88",
      "needsInterop": false
    },
    "@angular/platform-browser": {
      "src": "../../../../../../node_modules/@angular/platform-browser/fesm2022/platform-browser.mjs",
      "file": "@angular_platform-browser.js",
      "fileHash": "068a60c3",
      "needsInterop": false
    },
    "@angular/router": {
      "src": "../../../../../../node_modules/@angular/router/fesm2022/router.mjs",
      "file": "@angular_router.js",
      "fileHash": "0c9cfd74",
      "needsInterop": false
    },
    "tslib": {
      "src": "../../../../../../node_modules/tslib/tslib.es6.mjs",
      "file": "tslib.js",
      "fileHash": "37c3b83a",
      "needsInterop": false
    },
    "@angular/common": {
      "src": "../../../../../../node_modules/@angular/common/fesm2022/common.mjs",
      "file": "@angular_common.js",
      "fileHash": "7b23ceff",
      "needsInterop": false
    }
  },
  "chunks": {
    "chunk-JFTUFP6S": {
      "file": "chunk-JFTUFP6S.js"
    },
    "chunk-2LZMLVNI": {
      "file": "chunk-2LZMLVNI.js"
    },
    "chunk-LFAFOOHE": {
      "file": "chunk-LFAFOOHE.js"
    },
    "chunk-4FRP4S3T": {
      "file": "chunk-4FRP4S3T.js"
    }
  }
}