{
  "hash": "30e15f9f",
  "configHash": "ba4fae46",
  "lockfileHash": "71dd1d54",
  "browserHash": "e02ad783",
  "optimized": {
    "@angular/core": {
      "src": "../../../../../../node_modules/@angular/core/fesm2022/core.mjs",
      "file": "@angular_core.js",
      "fileHash": "d9810bdb",
      "needsInterop": false
    },
    "@angular/platform-browser": {
      "src": "../../../../../../node_modules/@angular/platform-browser/fesm2022/platform-browser.mjs",
      "file": "@angular_platform-browser.js",
      "fileHash": "f8ff5de3",
      "needsInterop": false
    },
    "@angular/router": {
      "src": "../../../../../../node_modules/@angular/router/fesm2022/router.mjs",
      "file": "@angular_router.js",
      "fileHash": "49e0b5d4",
      "needsInterop": false
    }
  },
  "chunks": {
    "chunk-HGZNKT7L": {
      "file": "chunk-HGZNKT7L.js"
    },
    "chunk-ZFZA6RUP": {
      "file": "chunk-ZFZA6RUP.js"
    }
  }
}