{
  "hash": "b170dbad",
  "configHash": "efed794a",
  "lockfileHash": "509f9185",
  "browserHash": "9b99ef57",
  "optimized": {
    "@angular/common": {
      "src": "../../../../../../node_modules/@angular/common/fesm2022/common.mjs",
      "file": "@angular_common.js",
      "fileHash": "d69ea6e4",
      "needsInterop": false
    },
    "@angular/core": {
      "src": "../../../../../../node_modules/@angular/core/fesm2022/core.mjs",
      "file": "@angular_core.js",
      "fileHash": "992de469",
      "needsInterop": false
    },
    "@angular/forms": {
      "src": "../../../../../../node_modules/@angular/forms/fesm2022/forms.mjs",
      "file": "@angular_forms.js",
      "fileHash": "a53b9a0f",
      "needsInterop": false
    },
    "@angular/platform-browser": {
      "src": "../../../../../../node_modules/@angular/platform-browser/fesm2022/platform-browser.mjs",
      "file": "@angular_platform-browser.js",
      "fileHash": "0f4a4f26",
      "needsInterop": false
    },
    "@angular/router": {
      "src": "../../../../../../node_modules/@angular/router/fesm2022/router.mjs",
      "file": "@angular_router.js",
      "fileHash": "72689a2a",
      "needsInterop": false
    },
    "@angular/common/http": {
      "src": "../../../../../../node_modules/@angular/common/fesm2022/http.mjs",
      "file": "@angular_common_http.js",
      "fileHash": "94c3c72d",
      "needsInterop": false
    }
  },
  "chunks": {
    "chunk-C7W7QGGK": {
      "file": "chunk-C7W7QGGK.js"
    },
    "chunk-RW5RBME5": {
      "file": "chunk-RW5RBME5.js"
    },
    "chunk-HR3HJEUA": {
      "file": "chunk-HR3HJEUA.js"
    },
    "chunk-HEJPDTGB": {
      "file": "chunk-HEJPDTGB.js"
    },
    "chunk-CCNWVJX4": {
      "file": "chunk-CCNWVJX4.js"
    }
  }
}