{
  "hash": "cb47cefd",
  "configHash": "62575f13",
  "lockfileHash": "509f9185",
  "browserHash": "94b57fce",
  "optimized": {
    "@angular/core": {
      "src": "../../../../../../node_modules/@angular/core/fesm2022/core.mjs",
      "file": "@angular_core.js",
      "fileHash": "f54a2ecc",
      "needsInterop": false
    },
    "@angular/platform-browser": {
      "src": "../../../../../../node_modules/@angular/platform-browser/fesm2022/platform-browser.mjs",
      "file": "@angular_platform-browser.js",
      "fileHash": "38d9d571",
      "needsInterop": false
    },
    "@angular/router": {
      "src": "../../../../../../node_modules/@angular/router/fesm2022/router.mjs",
      "file": "@angular_router.js",
      "fileHash": "9a810c71",
      "needsInterop": false
    }
  },
  "chunks": {
    "chunk-2EASTSSQ": {
      "file": "chunk-2EASTSSQ.js"
    },
    "chunk-LRG62GTB": {
      "file": "chunk-LRG62GTB.js"
    }
  }
}