{
  "hash": "5520b35a",
  "configHash": "00537c4c",
  "lockfileHash": "39c54625",
  "browserHash": "d0027ac6",
  "optimized": {
    "@angular/core": {
      "src": "../../../../../../node_modules/@angular/core/fesm2022/core.mjs",
      "file": "@angular_core.js",
      "fileHash": "c4eee1ea",
      "needsInterop": false
    },
    "@angular/platform-browser": {
      "src": "../../../../../../node_modules/@angular/platform-browser/fesm2022/platform-browser.mjs",
      "file": "@angular_platform-browser.js",
      "fileHash": "92e741cb",
      "needsInterop": false
    },
    "@angular/router": {
      "src": "../../../../../../node_modules/@angular/router/fesm2022/router.mjs",
      "file": "@angular_router.js",
      "fileHash": "08621c90",
      "needsInterop": false
    }
  },
  "chunks": {
    "chunk-HGZNKT7L": {
      "file": "chunk-HGZNKT7L.js"
    },
    "chunk-ZFZA6RUP": {
      "file": "chunk-ZFZA6RUP.js"
    }
  }
}